{
  "South America": {
    "GDP_2012": 3019.62,
    "POPULATION_2012": 240.97,
    "GDP_2015": 2378.3199999999997,
    "POPULATION_2015": 247.54999999999998
  },
  "Oceania": {
    "GDP_2012": 1555.26,
    "POPULATION_2012": 22.92,
    "GDP_2015": 1240.8,
    "POPULATION_2015": 24.03
  },
  "North America": {
    "GDP_2012": 19174.57,
    "POPULATION_2012": 466.15999999999997,
    "GDP_2015": 20702.46,
    "POPULATION_2015": 478.3
  },
  "Asia": {
    "GDP_2012": 21935.070000000003,
    "POPULATION_2012": 3267.7599999999998,
    "GDP_2015": 22538.300000000003,
    "POPULATION_2015": 3355.92
  },
  "Europe": {
    "GDP_2012": 10924.679999999998,
    "POPULATION_2012": 267,
    "GDP_2015": 10477.6,
    "POPULATION_2015": 271.78999999999996
  },
  "Africa": {
    "GDP_2012": 397.39,
    "POPULATION_2012": 52.34,
    "GDP_2015": 317.29,
    "POPULATION_2015": 54.86
  }
}